period,value
1991-03-08,32.9
1991-03-15,30.1
1991-03-22,30.1
1991-03-29,29.8
1991-04-05,30.1
1991-04-12,32.7
1991-04-19,33.6
1991-04-26,35.6
1991-05-03,36.7
1991-05-10,36.9
1991-05-17,36.2
1991-05-24,35.8
1991-05-31,39.4
1991-06-07,39.3
1991-06-14,40.9
1991-06-21,42.4
1991-06-28,39.5
1991-07-05,39.6
1991-07-12,44.8
1991-07-19,43.0
1991-07-26,45.5
1991-08-02,47.0
1991-08-09,44.6
1991-08-16,45.1
1991-08-23,45.0
1991-08-30,45.4
1991-09-06,46.3
1991-09-13,47.9
1991-09-20,48.7
1991-09-27,48.3
1991-10-04,45.2
1991-10-11,44.4
1991-10-18,43.1
1991-10-25,43.1
1991-11-01,45.3
1991-11-08,43.5
1991-11-15,44.5
1991-11-22,44.9
1991-11-29,46.0
1991-12-06,48.3
1991-12-13,47.7
1991-12-20,44.9
1991-12-27,45.1
1992-01-03,44.3
1992-01-10,43.7
1992-01-17,41.9
1992-01-24,38.7
1992-01-31,35.9
1992-02-07,34.3
1992-02-14,32.3
1992-02-21,32.2
1992-02-28,32.3
1992-03-06,30.9
1992-03-13,33.9
1992-03-20,32.3
1992-03-27,31.6
1992-04-03,30.1
1992-04-10,27.4
1992-04-17,28.7
1992-04-24,30.0
1992-05-01,30.1
1992-05-08,29.8
1992-05-15,29.6
1992-05-22,30.1
1992-05-29,34.5
1992-06-05,34.4
1992-06-12,36.1
1992-06-19,36.1
1992-06-26,38.0
1992-07-03,40.0
1992-07-10,41.3
1992-07-17,40.7
1992-07-24,41.6
1992-07-31,41.9
1992-08-07,42.5
1992-08-14,45.7
1992-08-21,45.4
1992-08-28,46.6
1992-09-04,45.2
1992-09-11,49.2
1992-09-18,48.3
1992-09-25,47.9
1992-10-02,45.9
1992-10-09,42.1
1992-10-16,40.1
1992-10-23,40.8
1992-10-30,42.4
1992-11-06,43.0
1992-11-13,46.6
1992-11-20,43.5
1992-11-27,43.1
1992-12-04,46.5
1992-12-11,43.1
1992-12-18,41.6
1992-12-25,42.6
1993-01-01,42.9
1993-01-08,45.6
1993-01-15,47.1
1993-01-22,44.0
1993-01-29,39.0
1993-02-05,34.0
1993-02-12,32.6
1993-02-19,32.2
1993-02-26,30.9
1993-03-05,28.6
1993-03-12,28.6
1993-03-19,27.7
1993-03-26,26.9
1993-04-02,29.3
1993-04-09,30.2
1993-04-16,30.0
1993-04-23,33.5
1993-04-30,32.1
1993-05-07,32.6
1993-05-14,33.0
1993-05-21,32.3
1993-05-28,33.9
1993-06-04,33.3
1993-06-11,35.2
1993-06-18,37.2
1993-06-25,36.8
1993-07-02,38.6
1993-07-09,41.3
1993-07-16,41.8
1993-07-23,42.7
1993-07-30,42.0
1993-08-06,39.3
1993-08-13,39.0
1993-08-20,41.1
1993-08-27,40.3
1993-09-03,42.4
1993-09-10,44.3
1993-09-17,42.9
1993-09-24,42.8
1993-10-01,41.5
1993-10-08,40.9
1993-10-15,40.1
1993-10-22,39.9
1993-10-29,42.2
1993-11-05,40.0
1993-11-12,40.6
1993-11-19,40.9
1993-11-26,41.5
1993-12-03,45.6
1993-12-10,43.8
1993-12-17,41.2
1993-12-24,41.9
1993-12-31,42.2
1994-01-07,39.9
1994-01-14,37.5
1994-01-21,32.2
1994-01-28,27.6
1994-02-04,25.0
1994-02-11,24.5
1994-02-18,24.9
1994-02-25,26.2
1994-03-04,27.3
1994-03-11,28.5
1994-03-18,28.9
1994-03-25,28.7
1994-04-01,30.5
1994-04-08,29.6
1994-04-15,31.3
1994-04-22,30.1
1994-04-29,30.3
1994-05-06,31.4
1994-05-13,32.6
1994-05-20,32.6
1994-05-27,34.0
1994-06-03,36.3
1994-06-10,36.5
1994-06-17,39.5
1994-06-24,39.5
1994-07-01,40.8
1994-07-08,45.4
1994-07-15,46.8
1994-07-22,47.5
1994-07-29,48.7
1994-08-05,44.8
1994-08-12,44.5
1994-08-19,46.2
1994-08-26,42.5
1994-09-02,45.4
1994-09-09,47.9
1994-09-16,49.5
1994-09-23,50.0
1994-09-30,47.7
1994-10-07,47.0
1994-10-14,43.8
1994-10-21,45.2
1994-10-28,44.0
1994-11-04,42.2
1994-11-11,43.7
1994-11-18,41.3
1994-11-25,44.2
1994-12-02,45.5
1994-12-09,41.8
1994-12-16,43.3
1994-12-23,40.4
1994-12-30,41.9
1995-01-06,43.9
1995-01-13,42.8
1995-01-20,44.1
1995-01-27,40.4
1995-02-03,39.8
1995-02-10,37.1
1995-02-17,34.1
1995-02-24,33.8
1995-03-03,33.4
1995-03-10,33.2
1995-03-17,34.6
1995-03-24,35.2
1995-03-31,36.8
1995-04-07,34.9
1995-04-14,33.4
1995-04-21,34.7
1995-04-28,34.4
1995-05-05,35.1
1995-05-12,37.4
1995-05-19,36.9
1995-05-26,38.2
1995-06-02,39.8
1995-06-09,38.8
1995-06-16,39.1
1995-06-23,37.8
1995-06-30,37.6
1995-07-07,39.5
1995-07-14,41.6
1995-07-21,41.9
1995-07-28,42.8
1995-08-04,43.2
1995-08-11,42.9
1995-08-18,43.0
1995-08-25,41.9
1995-09-01,43.0
1995-09-08,43.9
1995-09-15,46.3
1995-09-22,44.9
1995-09-29,42.9
1995-10-06,41.6
1995-10-13,41.4
1995-10-20,40.8
1995-10-27,38.9
1995-11-03,39.6
1995-11-10,39.4
1995-11-17,38.5
1995-11-24,40.3
1995-12-01,40.7
1995-12-08,38.2
1995-12-15,36.1
1995-12-22,33.6
1995-12-29,34.0
1996-01-05,36.4
1996-01-12,35.4
1996-01-19,34.8
1996-01-26,32.5
1996-02-02,29.5
1996-02-09,26.4
1996-02-16,25.3
1996-02-23,26.1
1996-03-01,25.6
1996-03-08,27.7
1996-03-15,26.2
1996-03-22,24.4
1996-03-29,25.6
1996-04-05,25.6
1996-04-12,27.5
1996-04-19,27.2
1996-04-26,26.9
1996-05-03,27.5
1996-05-10,27.6
1996-05-17,28.5
1996-05-24,30.0
1996-05-31,31.5
1996-06-07,31.1
1996-06-14,32.9
1996-06-21,32.0
1996-06-28,31.5
1996-07-05,33.6
1996-07-12,33.7
1996-07-19,34.3
1996-07-26,33.7
1996-08-02,33.3
1996-08-09,32.8
1996-08-16,33.2
1996-08-23,33.6
1996-08-30,35.1
1996-09-06,36.4
1996-09-13,36.2
1996-09-20,35.2
1996-09-27,33.2
1996-10-04,33.2
1996-10-11,32.0
1996-10-18,31.5
1996-10-25,33.3
1996-11-01,32.1
1996-11-08,31.9
1996-11-15,31.6
1996-11-22,31.9
1996-11-29,34.5
1996-12-06,36.1
1996-12-13,36.5
1996-12-20,35.3
1996-12-27,37.1
1997-01-03,38.4
1997-01-10,38.8
1997-01-17,36.9
1997-01-24,34.6
1997-01-31,31.7
1997-02-07,29.6
1997-02-14,29.0
1997-02-21,29.3
1997-02-28,31.1
1997-03-07,31.8
1997-03-14,30.5
1997-03-21,28.7
1997-03-28,27.1
1997-04-04,26.4
1997-04-11,27.7
1997-04-18,27.1
1997-04-25,27.0
1997-05-02,28.2
1997-05-09,27.6
1997-05-16,29.0
1997-05-23,30.7
1997-05-30,33.8
1997-06-06,35.4
1997-06-13,35.5
1997-06-20,35.6
1997-06-27,35.0
1997-07-04,34.1
1997-07-11,37.0
1997-07-18,36.0
1997-07-25,36.0
1997-08-01,37.6
1997-08-08,35.7
1997-08-15,38.0
1997-08-22,39.2
1997-08-29,39.6
1997-09-05,43.4
1997-09-12,42.4
1997-09-19,43.2
1997-09-26,42.7
1997-10-03,40.4
1997-10-10,40.5
1997-10-17,39.1
1997-10-24,38.2
1997-10-31,37.6
1997-11-07,38.1
1997-11-14,37.9
1997-11-21,37.9
1997-11-28,37.8
1997-12-05,38.4
1997-12-12,37.9
1997-12-19,36.4
1997-12-26,34.4
1998-01-02,37.8
1998-01-09,39.7
1998-01-16,39.6
1998-01-23,39.0
1998-01-30,35.7
1998-02-06,33.9
1998-02-13,34.5
1998-02-20,34.7
1998-02-27,35.3
1998-03-06,36.0
1998-03-13,34.9
1998-03-20,34.7
1998-03-27,33.1
1998-04-03,32.5
1998-04-10,34.2
1998-04-17,34.6
1998-04-24,35.2
1998-05-01,36.1
1998-05-08,36.6
1998-05-15,35.6
1998-05-22,37.3
1998-05-29,40.3
1998-06-05,38.3
1998-06-12,39.6
1998-06-19,38.9
1998-06-26,36.5
1998-07-03,38.0
1998-07-10,38.7
1998-07-17,41.5
1998-07-24,44.4
1998-07-31,43.6
1998-08-07,43.0
1998-08-14,42.2
1998-08-21,41.1
1998-08-28,40.2
1998-09-04,41.2
1998-09-11,43.0
1998-09-18,44.1
1998-09-25,47.8
1998-10-02,47.1
1998-10-09,44.5
1998-10-16,43.4
1998-10-23,42.8
1998-10-30,41.5
1998-11-06,42.4
1998-11-13,42.5
1998-11-20,40.8
1998-11-27,43.6
1998-12-04,44.5
1998-12-11,46.7
1998-12-18,46.0
1998-12-25,45.4
1999-01-01,45.1
1999-01-08,44.9
1999-01-15,40.5
1999-01-22,38.3
1999-01-29,38.4
1999-02-05,37.2
1999-02-12,39.9
1999-02-19,39.6
1999-02-26,38.7
1999-03-05,37.4
1999-03-12,35.6
1999-03-19,33.7
1999-03-26,31.5
1999-04-02,33.6
1999-04-09,38.0
1999-04-16,37.4
1999-04-23,40.4
1999-04-30,39.0
1999-05-07,36.5
1999-05-14,37.4
1999-05-21,38.0
1999-05-28,38.4
1999-06-04,38.6
1999-06-11,40.8
1999-06-18,38.2
1999-06-25,38.2
1999-07-02,38.9
1999-07-09,39.7
1999-07-16,41.9
1999-07-23,42.6
1999-07-30,41.8
1999-08-06,39.8
1999-08-13,40.5
1999-08-20,41.6
1999-08-27,42.8
1999-09-03,43.1
1999-09-10,43.1
1999-09-17,42.3
1999-09-24,42.9
1999-10-01,41.7
1999-10-08,40.2
1999-10-15,39.4
1999-10-22,36.5
1999-10-29,35.8
1999-11-05,34.0
1999-11-12,32.9
1999-11-19,32.3
1999-11-26,33.5
1999-12-03,36.1
1999-12-10,35.6
1999-12-17,35.1
1999-12-24,32.2
1999-12-31,30.1
2000-01-07,32.7
2000-01-14,32.0
2000-01-21,29.2
2000-01-28,28.4
2000-02-04,24.6
2000-02-11,24.4
2000-02-18,25.4
2000-02-25,26.0
2000-03-03,27.9
2000-03-10,28.2
2000-03-17,27.8
2000-03-24,27.0
2000-03-31,26.2
2000-04-07,26.4
2000-04-14,24.7
2000-04-21,25.4
2000-04-28,26.4
2000-05-05,25.9
2000-05-12,26.7
2000-05-19,26.5
2000-05-26,26.3
2000-06-02,28.4
2000-06-09,30.1
2000-06-16,29.5
2000-06-23,30.0
2000-06-30,28.9
2000-07-07,30.7
2000-07-14,31.8
2000-07-21,32.3
2000-07-28,33.0
2000-08-04,31.4
2000-08-11,31.5
2000-08-18,31.2
2000-08-25,30.9
2000-09-01,30.3
2000-09-08,30.9
2000-09-15,31.3
2000-09-22,30.4
2000-09-29,29.9
2000-10-06,29.6
2000-10-13,28.7
2000-10-20,28.3
2000-10-27,29.2
2000-11-03,29.7
2000-11-10,29.1
2000-11-17,29.5
2000-11-24,29.9
2000-12-01,31.3
2000-12-08,29.2
2000-12-15,29.6
2000-12-22,28.5
2000-12-29,27.9
2001-01-05,28.2
2001-01-12,27.0
2001-01-19,27.9
2001-01-26,27.2
2001-02-02,28.7
2001-02-09,29.3
2001-02-16,29.4
2001-02-23,29.4
2001-03-02,28.6
2001-03-09,28.5
2001-03-16,26.9
2001-03-23,26.3
2001-03-30,25.4
2001-04-06,25.3
2001-04-13,26.8
2001-04-20,26.7
2001-04-27,28.0
2001-05-04,27.5
2001-05-11,27.3
2001-05-18,27.7
2001-05-25,28.4
2001-06-01,30.9
2001-06-08,30.0
2001-06-15,30.9
2001-06-22,31.9
2001-06-29,31.3
2001-07-06,33.5
2001-07-13,34.2
2001-07-20,33.9
2001-07-27,34.3
2001-08-03,33.0
2001-08-10,31.8
2001-08-17,31.6
2001-08-24,31.3
2001-08-31,31.7
2001-09-07,32.5
2001-09-14,34.0
2001-09-21,33.3
2001-09-28,33.5
2001-10-05,34.2
2001-10-12,33.7
2001-10-19,34.4
2001-10-26,33.8
2001-11-02,33.3
2001-11-09,34.1
2001-11-16,33.4
2001-11-23,35.7
2001-11-30,36.8
2001-12-07,37.3
2001-12-14,36.9
2001-12-21,35.5
2001-12-28,35.4
2002-01-04,37.9
2002-01-11,38.3
2002-01-18,37.5
2002-01-25,38.2
2002-02-01,36.0
2002-02-08,36.6
2002-02-15,36.4
2002-02-22,34.4
2002-03-01,34.0
2002-03-08,33.0
2002-03-15,32.8
2002-03-22,32.6
2002-03-29,31.5
2002-04-05,32.6
2002-04-12,32.0
2002-04-19,31.9
2002-04-26,32.9
2002-05-03,32.5
2002-05-10,32.9
2002-05-17,34.0
2002-05-24,34.1
2002-05-31,35.6
2002-06-07,37.1
2002-06-14,36.7
2002-06-21,36.2
2002-06-28,34.9
2002-07-05,35.7
2002-07-12,36.6
2002-07-19,37.1
2002-07-26,38.6
2002-08-02,38.6
2002-08-09,38.0
2002-08-16,37.9
2002-08-23,36.4
2002-08-30,34.8
2002-09-06,36.7
2002-09-13,35.5
2002-09-20,35.3
2002-09-27,36.3
2002-10-04,33.7
2002-10-11,34.0
2002-10-18,34.5
2002-10-25,32.6
2002-11-01,32.2
2002-11-08,31.4
2002-11-15,31.7
2002-11-22,30.3
2002-11-29,30.1
2002-12-06,31.0
2002-12-13,30.2
2002-12-20,30.7
2002-12-27,31.5
2003-01-03,32.3
2003-01-10,34.2
2003-01-17,33.6
2003-01-24,30.8
2003-01-31,26.2
2003-02-07,24.6
2003-02-14,22.7
2003-02-21,21.8
2003-02-28,22.0
2003-03-07,22.5
2003-03-14,22.4
2003-03-21,23.8
2003-03-28,23.8
2003-04-04,23.3
2003-04-11,24.5
2003-04-18,24.7
2003-04-25,25.0
2003-05-02,25.6
2003-05-09,26.3
2003-05-16,27.4
2003-05-23,26.9
2003-05-30,28.2
2003-06-06,29.0
2003-06-13,29.0
2003-06-20,29.2
2003-06-27,29.2
2003-07-04,28.4
2003-07-11,31.6
2003-07-18,32.2
2003-07-25,33.5
2003-08-01,34.1
2003-08-08,32.8
2003-08-15,33.2
2003-08-22,32.6
2003-08-29,34.3
2003-09-05,35.9
2003-09-12,36.9
2003-09-19,36.5
2003-09-26,35.7
2003-10-03,34.8
2003-10-10,33.4
2003-10-17,35.1
2003-10-24,36.0
2003-10-31,35.0
2003-11-07,34.5
2003-11-14,32.2
2003-11-21,31.3
2003-11-28,33.0
2003-12-05,33.7
2003-12-12,33.5
2003-12-19,32.6
2003-12-26,32.2
2004-01-02,35.0
2004-01-09,37.5
2004-01-16,36.3
2004-01-23,33.3
2004-01-30,28.9
2004-02-06,25.7
2004-02-13,24.1
2004-02-20,24.5
2004-02-27,25.6
2004-03-05,27.2
2004-03-12,28.3
2004-03-19,28.3
2004-03-26,28.5
2004-04-02,26.0
2004-04-09,25.8
2004-04-16,25.9
2004-04-23,25.4
2004-04-30,27.1
2004-05-07,27.1
2004-05-14,27.8
2004-05-21,27.7
2004-05-28,27.3
2004-06-04,26.9
2004-06-11,27.2
2004-06-18,27.7
2004-06-25,27.9
2004-07-02,29.0
2004-07-09,29.7
2004-07-16,30.2
2004-07-23,30.6
2004-07-30,31.1
2004-08-06,31.2
2004-08-13,31.4
2004-08-20,31.2
2004-08-27,31.5
2004-09-03,31.5
2004-09-10,32.4
2004-09-17,32.2
2004-09-24,32.3
2004-10-01,31.7
2004-10-08,30.1
2004-10-15,29.3
2004-10-22,27.6
2004-10-29,27.1
2004-11-05,27.4
2004-11-12,27.2
2004-11-19,27.7
2004-11-26,28.5
2004-12-03,28.8
2004-12-10,28.7
2004-12-17,28.6
2004-12-24,27.8
2004-12-31,28.1
2005-01-07,28.7
2005-01-14,29.4
2005-01-21,28.8
2005-01-28,27.6
2005-02-04,26.5
2005-02-11,25.4
2005-02-18,25.7
2005-02-25,25.9
2005-03-04,25.8
2005-03-11,25.3
2005-03-18,24.2
2005-03-25,23.9
2005-04-01,24.1
2005-04-08,24.3
2005-04-15,24.5
2005-04-22,24.4
2005-04-29,24.3
2005-05-06,25.2
2005-05-13,25.2
2005-05-20,25.9
2005-05-27,26.1
2005-06-03,26.2
2005-06-10,26.8
2005-06-17,27.0
2005-06-24,27.7
2005-07-01,28.6
2005-07-08,30.0
2005-07-15,30.7
2005-07-22,31.6
2005-07-29,31.9
2005-08-05,32.4
2005-08-12,32.6
2005-08-19,32.9
2005-08-26,33.7
2005-09-02,33.5
2005-09-09,33.4
2005-09-16,33.9
2005-09-23,34.2
2005-09-30,32.7
2005-10-07,31.9
2005-10-14,31.3
2005-10-21,30.0
2005-10-28,29.9
2005-11-04,29.4
2005-11-11,29.9
2005-11-18,30.5
2005-11-25,31.4
2005-12-02,32.3
2005-12-09,31.6
2005-12-16,30.0
2005-12-23,29.0
2005-12-30,29.7
2006-01-06,31.2
2006-01-13,32.4
2006-01-20,33.2
2006-01-27,32.9
2006-02-03,32.4
2006-02-10,32.5
2006-02-17,32.0
2006-02-24,31.4
2006-03-03,30.6
2006-03-10,29.3
2006-03-17,29.6
2006-03-24,29.3
2006-03-31,29.2
2006-04-07,28.5
2006-04-14,28.0
2006-04-21,28.5
2006-04-28,28.0
2006-05-05,28.2
2006-05-12,28.0
2006-05-19,28.5
2006-05-26,29.0
2006-06-02,29.7
2006-06-09,30.3
2006-06-16,30.5
2006-06-23,31.0
2006-06-30,31.1
2006-07-07,31.5
2006-07-14,31.7
2006-07-21,31.8
2006-07-28,32.0
2006-08-04,32.3
2006-08-11,33.0
2006-08-18,33.6
2006-08-25,33.6
2006-09-01,34.1
2006-09-08,34.9
2006-09-15,35.9
2006-09-22,36.7
2006-09-29,36.6
2006-10-06,35.7
2006-10-13,33.8
2006-10-20,33.2
2006-10-27,31.9
2006-11-03,31.2
2006-11-10,30.3
2006-11-17,30.1
2006-11-24,30.5
2006-12-01,30.6
2006-12-08,31.0
2006-12-15,31.1
2006-12-22,31.0
2006-12-29,31.7
2007-01-05,33.6
2007-01-12,34.5
2007-01-19,35.2
2007-01-26,33.7
2007-02-02,31.6
2007-02-09,29.6
2007-02-16,27.5
2007-02-23,26.5
2007-03-02,26.4
2007-03-09,26.2
2007-03-16,26.2
2007-03-23,26.5
2007-03-30,26.8
2007-04-06,27.1
2007-04-13,27.0
2007-04-20,27.2
2007-04-27,27.1
2007-05-04,27.8
2007-05-11,28.6
2007-05-18,28.8
2007-05-25,28.8
2007-06-01,29.3
2007-06-08,29.4
2007-06-15,29.6
2007-06-22,29.0
2007-06-29,29.4
2007-07-06,29.6
2007-07-13,29.5
2007-07-20,30.5
2007-07-27,31.1
2007-08-03,31.2
2007-08-10,31.1
2007-08-17,31.0
2007-08-24,31.0
2007-08-31,31.4
2007-09-07,32.0
2007-09-14,32.8
2007-09-21,33.5
2007-09-28,33.1
2007-10-05,32.1
2007-10-12,32.1
2007-10-19,31.3
2007-10-26,31.7
2007-11-02,32.2
2007-11-09,31.0
2007-11-16,29.9
2007-11-23,29.6
2007-11-30,29.9
2007-12-07,30.0
2007-12-14,29.4
2007-12-21,28.2
2007-12-28,28.2
2008-01-04,28.7
2008-01-11,29.8
2008-01-18,30.0
2008-01-25,29.9
2008-02-01,30.0
2008-02-08,30.0
2008-02-15,28.2
2008-02-22,27.5
2008-02-29,26.7
2008-03-07,26.7
2008-03-14,26.8
2008-03-21,26.3
2008-03-28,26.1
2008-04-04,24.6
2008-04-11,25.0
2008-04-18,24.5
2008-04-25,24.9
2008-05-02,25.2
2008-05-09,25.5
2008-05-16,25.9
2008-05-23,26.4
2008-05-30,27.1
2008-06-06,27.8
2008-06-13,28.6
2008-06-20,29.4
2008-06-27,29.4
2008-07-04,29.4
2008-07-11,30.1
2008-07-18,30.6
2008-07-25,31.3
2008-08-01,32.2
2008-08-08,31.3
2008-08-15,31.4
2008-08-22,31.4
2008-08-29,30.9
2008-09-05,31.6
2008-09-12,32.1
2008-09-19,32.0
2008-09-26,32.3
2008-10-03,32.1
2008-10-10,31.4
2008-10-17,31.5
2008-10-24,31.8
2008-10-31,31.9
2008-11-07,32.2
2008-11-14,31.6
2008-11-21,31.5
2008-11-28,31.3
2008-12-05,33.3
2008-12-12,33.9
2008-12-19,34.4
2008-12-26,33.6
2009-01-02,32.8
2009-01-09,35.2
2009-01-16,35.4
2009-01-23,35.3
2009-01-30,35.2
2009-02-06,34.0
2009-02-13,33.2
2009-02-20,34.0
2009-02-27,35.3
2009-03-06,36.6
2009-03-13,38.2
2009-03-20,37.9
2009-03-27,38.2
2009-04-03,36.6
2009-04-10,36.2
2009-04-17,38.1
2009-04-24,39.1
2009-05-01,41.5
2009-05-08,42.2
2009-05-15,41.9
2009-05-22,41.4
2009-05-29,41.8
2009-06-05,41.9
2009-06-12,42.7
2009-06-19,44.1
2009-06-26,45.6
2009-07-03,48.6
2009-07-10,48.6
2009-07-17,48.7
2009-07-24,49.3
2009-07-31,47.6
2009-08-07,48.6
2009-08-14,48.4
2009-08-21,48.1
2009-08-28,48.2
2009-09-04,47.8
2009-09-11,48.8
2009-09-18,50.1
2009-09-25,50.5
2009-10-02,50.5
2009-10-09,49.5
2009-10-16,48.6
2009-10-23,47.2
2009-10-30,47.0
2009-11-06,47.1
2009-11-13,46.7
2009-11-20,46.4
2009-11-27,46.1
2009-12-04,47.3
2009-12-11,45.8
2009-12-18,44.0
2009-12-25,43.2
2010-01-01,42.5
2010-01-08,43.3
2010-01-15,42.9
2010-01-22,42.8
2010-01-29,42.3
2010-02-05,41.9
2010-02-12,41.2
2010-02-19,41.2
2010-02-26,40.6
2010-03-05,40.1
2010-03-12,39.8
2010-03-19,38.7
2010-03-26,38.9
2010-04-02,39.2
2010-04-09,40.0
2010-04-16,41.6
2010-04-23,42.5
2010-04-30,41.9
2010-05-07,41.4
2010-05-14,39.5
2010-05-21,38.4
2010-05-28,38.2
2010-06-04,38.6
2010-06-11,39.7
2010-06-18,40.4
2010-06-25,42.3
2010-07-02,42.2
2010-07-09,43.9
2010-07-16,46.3
2010-07-23,46.4
2010-07-30,48.7
2010-08-06,50.1
2010-08-13,49.3
2010-08-20,49.7
2010-08-27,47.9
2010-09-03,46.1
2010-09-10,45.5
2010-09-17,45.4
2010-09-24,45.2
2010-10-01,45.5
2010-10-08,45.9
2010-10-15,44.5
2010-10-22,43.6
2010-10-29,41.7
2010-11-05,38.7
2010-11-12,38.9
2010-11-19,39.4
2010-11-26,40.4
2010-12-03,43.0
2010-12-10,43.3
2010-12-17,42.4
2010-12-24,41.6
2010-12-31,41.7
2011-01-07,43.0
2011-01-14,44.5
2011-01-21,45.3
2011-01-28,44.4
2011-02-04,44.1
2011-02-11,42.3
2011-02-18,42.1
2011-02-25,42.4
2011-03-04,40.0
2011-03-11,39.5
2011-03-18,39.2
2011-03-25,39.5
2011-04-01,41.0
2011-04-08,40.5
2011-04-15,39.0
2011-04-22,38.3
2011-04-29,37.4
2011-05-06,37.2
2011-05-13,38.1
2011-05-20,37.0
2011-05-27,36.8
2011-06-03,37.0
2011-06-10,37.0
2011-06-17,38.7
2011-06-24,39.6
2011-07-01,39.7
2011-07-08,41.3
2011-07-15,42.4
2011-07-22,43.6
2011-07-29,42.9
2011-08-05,40.9
2011-08-12,41.2
2011-08-19,40.6
2011-08-26,40.4
2011-09-02,40.9
2011-09-09,41.0
2011-09-16,40.7
2011-09-23,41.5
2011-09-30,40.6
2011-10-07,38.8
2011-10-14,37.0
2011-10-21,35.1
2011-10-28,33.6
2011-11-04,31.7
2011-11-11,31.2
2011-11-18,31.3
2011-11-25,34.9
2011-12-02,36.6
2011-12-09,37.3
2011-12-16,35.9
2011-12-23,34.9
2011-12-30,36.6
2012-01-06,39.3
2012-01-13,41.6
2012-01-20,40.6
2012-01-27,40.0
2012-02-03,39.9
2012-02-10,38.7
2012-02-17,40.1
2012-02-24,39.7
2012-03-02,38.9
2012-03-09,37.5
2012-03-16,38.3
2012-03-23,38.3
2012-03-30,38.2
2012-04-06,36.8
2012-04-13,34.1
2012-04-20,32.8
2012-04-27,32.4
2012-05-04,31.5
2012-05-11,32.1
2012-05-18,32.4
2012-05-25,31.3
2012-06-01,33.1
2012-06-08,33.0
2012-06-15,33.6
2012-06-22,33.0
2012-06-29,31.7
2012-07-06,33.5
2012-07-13,34.6
2012-07-20,35.9
2012-07-27,35.9
2012-08-03,34.4
2012-08-10,34.1
2012-08-17,34.1
2012-08-24,34.8
2012-08-31,36.5
2012-09-07,37.8
2012-09-14,37.3
2012-09-21,36.8
2012-09-28,33.6
2012-10-05,31.6
2012-10-12,30.6
2012-10-19,30.8
2012-10-26,31.9
2012-11-02,32.5
2012-11-09,31.3
2012-11-16,29.2
2012-11-23,28.5
2012-11-30,29.3
2012-12-07,31.3
2012-12-14,31.0
2012-12-21,31.9
2012-12-28,33.8
2013-01-04,36.7
2013-01-11,39.2
2013-01-18,40.4
2013-01-25,38.4
2013-02-01,36.6
2013-02-08,34.4
2013-02-15,32.8
2013-02-22,33.4
2013-03-01,31.9
2013-03-08,33.2
2013-03-15,33.5
2013-03-22,30.7
2013-03-29,30.1
2013-04-05,29.0
2013-04-12,29.6
2013-04-19,30.8
2013-04-26,31.4
2013-05-03,32.3
2013-05-10,33.1
2013-05-17,31.4
2013-05-24,31.6
2013-05-31,32.1
2013-06-07,30.8
2013-06-14,31.1
2013-06-21,31.3
2013-06-28,29.4
2013-07-05,30.6
2013-07-12,31.9
2013-07-19,30.8
2013-07-26,31.6
2013-08-02,31.7
2013-08-09,32.6
2013-08-16,34.3
2013-08-23,34.5
2013-08-30,34.9
2013-09-06,35.8
2013-09-13,34.5
2013-09-20,35.0
2013-09-27,34.5
2013-10-04,33.0
2013-10-11,33.2
2013-10-18,34.2
2013-10-25,32.6
2013-11-01,30.0
2013-11-08,29.7
2013-11-15,26.8
2013-11-22,26.6
2013-11-29,28.9
2013-12-06,31.0
2013-12-13,31.0
2013-12-20,30.2
2013-12-27,32.0
2014-01-03,34.2
2014-01-10,34.8
2014-01-17,34.9
2014-01-24,30.9
2014-01-31,28.5
2014-02-07,28.4
2014-02-14,28.6
2014-02-21,30.4
2014-02-28,31.7
2014-03-07,31.5
2014-03-14,29.5
2014-03-21,30.2
2014-03-28,29.9
2014-04-04,29.5
2014-04-11,29.1
2014-04-18,28.6
2014-04-25,28.9
2014-05-02,28.1
2014-05-09,27.6
2014-05-16,28.5
2014-05-23,28.0
2014-05-30,28.8
2014-06-06,29.7
2014-06-13,29.8
2014-06-20,31.1
2014-06-27,32.2
2014-07-04,32.0
2014-07-11,32.9
2014-07-18,32.7
2014-07-25,32.8
2014-08-01,32.2
2014-08-08,31.0
2014-08-15,30.6
2014-08-22,31.3
2014-08-29,31.6
2014-09-05,34.0
2014-09-12,34.5
2014-09-19,34.4
2014-09-26,33.3
2014-10-03,33.2
2014-10-10,33.1
2014-10-17,34.3
2014-10-24,33.3
2014-10-31,33.2
2014-11-07,31.8
2014-11-14,30.3
2014-11-21,29.5
2014-11-28,30.1
2014-12-05,32.6
2014-12-12,31.6
2014-12-19,31.8
2014-12-26,31.0
2015-01-02,35.0
2015-01-09,36.4
2015-01-16,35.1
2015-01-23,33.4
2015-01-30,32.2
2015-02-06,30.7
2015-02-13,30.3
2015-02-20,30.2
2015-02-27,29.1
2015-03-06,30.7
2015-03-13,31.7
2015-03-20,32.4
2015-03-27,33.2
2015-04-03,32.2
2015-04-10,32.6
2015-04-17,33.0
2015-04-24,32.6
2015-05-01,33.7
2015-05-08,31.6
2015-05-15,30.9
2015-05-22,31.2
2015-05-29,32.8
2015-06-05,33.9
2015-06-12,34.0
2015-06-19,35.3
2015-06-26,34.5
2015-07-03,35.7
2015-07-10,38.3
2015-07-17,37.3
2015-07-24,38.7
2015-07-31,38.9
2015-08-07,39.5
2015-08-14,40.0
2015-08-21,40.4
2015-08-28,40.5
2015-09-04,40.7
2015-09-11,42.7
2015-09-18,40.2
2015-09-25,40.1
2015-10-02,37.9
2015-10-09,37.2
2015-10-16,37.7
2015-10-23,35.8
2015-10-30,35.9
2015-11-06,35.5
2015-11-13,34.6
2015-11-20,36.1
2015-11-27,37.7
2015-12-04,40.5
2015-12-11,43.0
2015-12-18,41.9
2015-12-25,42.5
2016-01-01,45.0
2016-01-08,49.1
2016-01-15,49.9
2016-01-22,47.4
2016-01-29,45.5
2016-02-05,44.8
2016-02-12,45.8
2016-02-19,46.3
2016-02-26,47.7
2016-03-04,45.6
2016-03-11,44.1
2016-03-18,45.3
2016-03-25,43.6
2016-04-01,44.3
2016-04-08,44.5
2016-04-15,41.1
2016-04-22,39.9
2016-04-29,38.8
2016-05-06,38.0
2016-05-13,37.1
2016-05-20,36.9
2016-05-27,36.8
2016-06-03,38.3
2016-06-10,39.8
2016-06-17,40.3
2016-06-24,39.4
2016-07-01,38.1
2016-07-08,40.7
2016-07-15,40.6
2016-07-22,40.8
2016-07-29,42.0
2016-08-05,39.5
2016-08-12,41.1
2016-08-19,41.4
2016-08-26,41.1
2016-09-02,42.7
2016-09-09,44.6
2016-09-16,46.4
2016-09-23,46.0
2016-09-30,44.8
2016-10-07,40.9
2016-10-14,39.2
2016-10-21,37.4
2016-10-28,37.0
2016-11-04,37.0
2016-11-11,37.2
2016-11-18,37.4
2016-11-25,38.7
2016-12-02,40.2
2016-12-09,39.7
2016-12-16,38.1
2016-12-23,37.3
2016-12-30,42.2
2017-01-06,46.9
2017-01-13,48.1
2017-01-20,49.3
2017-01-27,46.3
2017-02-03,44.2
2017-02-10,44.7
2017-02-17,41.6
2017-02-24,41.4
2017-03-03,40.3
2017-03-10,37.9
2017-03-17,38.1
2017-03-24,36.5
2017-03-31,36.4
2017-04-07,35.4
2017-04-14,34.6
2017-04-21,36.4
2017-04-28,35.9
2017-05-05,36.6
2017-05-12,36.1
2017-05-19,34.5
2017-05-26,35.1
2017-06-02,37.5
2017-06-09,38.0
2017-06-16,38.8
2017-06-23,38.7
2017-06-30,36.3
2017-07-07,37.5
2017-07-14,36.6
2017-07-21,35.4
2017-07-28,35.8
2017-08-04,34.0
2017-08-11,34.4
2017-08-18,35.0
2017-08-25,35.7
2017-09-01,36.3
2017-09-08,35.9
2017-09-15,34.1
2017-09-22,34.2
2017-09-29,33.7
2017-10-06,34.2
2017-10-13,36.2
2017-10-20,33.9
2017-10-27,34.9
2017-11-03,32.2
2017-11-10,30.9
2017-11-17,31.1
2017-11-24,31.1
2017-12-01,33.0
2017-12-08,31.9
2017-12-15,32.4
2017-12-22,31.8
2017-12-29,34.2
2018-01-05,36.9
2018-01-12,34.1
2018-01-19,35.3
2018-01-26,33.0
2018-02-02,33.7
2018-02-09,35.0
2018-02-16,33.6
2018-02-23,34.5
2018-03-02,34.0
2018-03-09,33.5
2018-03-16,33.6
2018-03-23,32.1
2018-03-30,32.3
2018-04-06,31.4
2018-04-13,29.9
2018-04-20,30.3
2018-04-27,28.4
2018-05-04,27.2
2018-05-11,27.4
2018-05-18,27.4
2018-05-25,27.8
2018-06-01,29.8
2018-06-08,28.9
2018-06-15,29.3
2018-06-22,30.6
2018-06-29,29.4
2018-07-06,31.7
2018-07-13,30.9
2018-07-20,29.9
2018-07-27,31.6
2018-08-03,31.5
2018-08-10,32.8
2018-08-17,33.5
2018-08-24,31.6
2018-08-31,31.8
2018-09-07,34.6
2018-09-14,34.7
2018-09-21,34.4
2018-09-28,34.9
2018-10-05,31.5
2018-10-12,32.0
2018-10-19,32.0
2018-10-26,30.0
2018-11-02,29.7
2018-11-09,27.4
2018-11-16,27.0
2018-11-23,29.0
2018-11-30,30.4
2018-12-07,30.4
2018-12-14,28.7
2018-12-21,27.2
2018-12-28,30.8
2019-01-04,36.7
2019-01-11,38.5
2019-01-18,37.3
2019-01-25,34.9
2019-02-01,31.0
2019-02-08,32.5
2019-02-15,33.1
2019-02-22,33.1
2019-03-01,33.6
2019-03-08,33.3
2019-03-15,31.3
2019-03-22,30.6
2019-03-29,30.1
2019-04-05,30.4
2019-04-12,32.9
2019-04-19,33.8
2019-04-26,33.2
2019-05-03,32.9
2019-05-10,31.4
2019-05-17,31.6
2019-05-24,31.1
2019-05-31,33.3
2019-06-07,32.4
2019-06-14,31.8
2019-06-21,31.8
2019-06-28,31.3
2019-07-05,33.9
2019-07-12,36.5
2019-07-19,36.0
2019-07-26,35.6
2019-08-02,35.2
2019-08-09,34.1
2019-08-16,35.9
2019-08-23,35.0
2019-08-30,33.8
2019-09-06,34.6
2019-09-13,34.5
2019-09-20,34.1
2019-09-27,33.8
2019-10-04,32.3
2019-10-11,30.4
2019-10-18,29.4
2019-10-25,28.6
2019-11-01,28.0
2019-11-08,27.2
2019-11-15,26.6
2019-11-22,26.5
2019-11-29,28.4
2019-12-06,30.9
2019-12-13,31.7
2019-12-20,32.0
2019-12-27,35.4
2020-01-03,37.7
2020-01-10,42.6
2020-01-17,41.7
2020-01-24,39.0
2020-01-31,36.5
2020-02-07,34.6
2020-02-14,35.9
2020-02-21,34.9
2020-02-28,34.5
2020-03-06,31.7
2020-03-13,30.4
2020-03-20,30.9
2020-03-27,30.3
2020-04-03,31.6
2020-04-10,36.2
2020-04-17,40.3
2020-04-24,44.2
2020-05-01,49.8
2020-05-08,46.8
2020-05-15,46.1
2020-05-22,47.4
2020-05-29,51.7
2020-06-05,54.3
2020-06-12,54.3
2020-06-19,53.6
2020-06-26,49.4
2020-07-03,51.3
2020-07-10,50.7
2020-07-17,51.9
2020-07-24,52.6
2020-07-31,50.5
2020-08-07,49.3
2020-08-14,49.2
2020-08-21,48.5
2020-08-28,47.4
2020-09-04,47.4
2020-09-11,49.8
2020-09-18,48.9
2020-09-25,48.9
2020-10-02,48.1
2020-10-09,42.0
2020-10-16,42.1
2020-10-23,39.4
2020-10-30,39.2
2020-11-06,38.2
2020-11-13,35.4
2020-11-20,35.2
2020-11-27,35.9
2020-12-04,38.8
2020-12-11,39.4
2020-12-18,38.8
2020-12-25,40.1
2021-01-01,43.1
2021-01-08,45.6
2021-01-15,46.9
2021-01-22,44.4
2021-01-29,40.9
2021-02-05,38.8
2021-02-12,36.5
2021-02-19,36.2
2021-02-26,34.7
2021-03-05,33.0
2021-03-12,33.9
2021-03-19,35.6
2021-03-26,35.5
2021-04-02,37.8
2021-04-09,37.0
2021-04-16,36.1
2021-04-23,34.8
2021-04-30,33.1
2021-05-07,33.0
2021-05-14,32.1
2021-05-21,31.1
2021-05-28,32.6
2021-06-04,34.9
2021-06-11,34.0
2021-06-18,35.6
2021-06-25,34.6
2021-07-02,34.1
2021-07-09,37.7
2021-07-16,37.4
2021-07-23,36.1
2021-07-30,36.8
2021-08-06,36.0
2021-08-13,34.4
2021-08-20,35.1
2021-08-27,33.0
2021-09-03,32.4
2021-09-10,33.0
2021-09-17,31.8
2021-09-24,32.7
2021-10-01,31.2
2021-10-08,31.0
2021-10-15,30.3
2021-10-22,30.4
2021-10-29,32.3
2021-11-05,30.9
2021-11-12,30.6
2021-11-19,29.1
2021-11-26,28.8
2021-12-03,30.6
2021-12-10,29.0
2021-12-17,30.1
2021-12-24,30.0
2021-12-31,30.7
2022-01-07,33.7
2022-01-14,31.8
2022-01-21,29.8
2022-01-28,27.7
2022-02-04,26.7
2022-02-11,26.7
2022-02-18,27.3
2022-02-25,27.5
2022-03-04,25.9
2022-03-11,26.9
2022-03-18,26.0
2022-03-25,27.3
2022-04-01,29.2
2022-04-08,28.8
2022-04-15,29.5
2022-04-22,29.0
2022-04-29,27.8
2022-05-06,27.0
2022-05-13,27.4
2022-05-20,27.7
2022-05-27,27.6
2022-06-03,28.5
2022-06-10,29.1
2022-06-17,29.1
2022-06-24,30.6
2022-07-01,28.8
2022-07-08,30.0
2022-07-15,30.0
2022-07-22,29.4
2022-07-29,29.8
2022-08-05,29.6
2022-08-12,29.4
2022-08-19,29.0
2022-08-26,29.6
2022-09-02,29.8
2022-09-09,32.7
2022-09-16,34.2
2022-09-23,31.9
2022-09-30,29.9
2022-10-07,26.4
2022-10-14,25.4
2022-10-21,25.9
2022-10-28,25.8
2022-11-04,26.0
2022-11-11,26.6
2022-11-18,27.1
2022-11-25,29.0
2022-12-02,31.9
2022-12-09,32.4
2022-12-16,32.0
2022-12-23,31.6
2022-12-30,32.9
2023-01-06,32.4
2023-01-13,31.9
2023-01-20,31.8
2023-01-27,30.5
2023-02-03,31.4
2023-02-10,31.3
2023-02-17,32.3
2023-02-24,32.0
2023-03-03,32.6
2023-03-10,32.2
2023-03-17,30.9
2023-03-24,31.2
2023-03-31,28.9
2023-04-07,28.7
2023-04-14,29.0
2023-04-21,28.8
2023-04-28,29.2
2023-05-05,27.6
2023-05-12,27.6
2023-05-19,26.7
2023-05-26,27.3
2023-06-02,29.0
2023-06-09,29.9
2023-06-16,30.5
2023-06-23,31.2
2023-06-30,30.9
2023-07-07,33.6
2023-07-14,34.3
2023-07-21,33.3
2023-07-28,33.0
2023-08-04,30.8
2023-08-11,31.0
2023-08-18,31.0
2023-08-25,31.6
2023-09-01,31.5
2023-09-08,32.7
2023-09-15,31.3
2023-09-22,30.8
2023-09-29,30.6
2023-10-06,29.9
2023-10-13,28.7
2023-10-20,28.1
2023-10-27,28.1
2023-11-03,26.2
2023-11-10,26.4
2023-11-17,26.1
2023-11-24,28.5
2023-12-01,29.9
2023-12-08,31.0
2023-12-15,32.0
2023-12-22,30.2
2023-12-29,35.4
2024-01-05,38.1
2024-01-12,39.3
2024-01-19,39.5
2024-01-26,35.8
2024-02-02,34.0
2024-02-09,33.8
2024-02-16,32.4
2024-02-23,32.7
2024-03-01,31.1
2024-03-08,31.6
2024-03-15,32.1
2024-03-22,30.8
2024-03-29,31.6
2024-04-05,32.9
2024-04-12,32.4
2024-04-19,34.0
2024-04-26,33.4
2024-05-03,32.4
2024-05-10,32.0
2024-05-17,31.4
2024-05-24,31.8
2024-05-31,32.9
2024-06-07,33.6
2024-06-14,32.9
2024-06-21,33.4
2024-06-28,32.2
2024-07-05,33.9
2024-07-12,35.8
2024-07-19,34.3
2024-07-26,34.7
2024-08-02,34.9
2024-08-09,34.5
2024-08-16,34.3
2024-08-23,34.2
2024-08-30,32.8
2024-09-06,33.4
2024-09-13,33.0
2024-09-20,32.0
2024-09-27,32.4
2024-10-04,30.6
2024-10-11,28.9
2024-10-18,28.4
2024-10-25,27.8
2024-11-01,29.6
2024-11-08,29.5
2024-11-15,30.2
2024-11-22,30.6
2024-11-29,31.5
2024-12-06,33.8
2024-12-13,31.4
2024-12-20,29.9
2024-12-27,31.8
2025-01-03,34.0
2025-01-10,36.4
2025-01-17,35.9
2025-01-24,31.7
2025-01-31,27.8
2025-02-07,28.1
2025-02-14,27.2
2025-02-21,28.8
2025-02-28,29.5
2025-03-07,28.8
2025-03-14,28.7
2025-03-21,29.4
2025-03-28,30.1
2025-04-04,29.0
2025-04-11,28.8
2025-04-18,27.7
2025-04-25,28.2
2025-05-02,28.8
2025-05-09,28.1
2025-05-16,29.2
2025-05-23,28.3
2025-05-30,30.3
2025-06-06,31.5
2025-06-13,30.9
2025-06-20,29.9
2025-06-27,27.7
2025-07-04,27.0
2025-07-11,28.7
2025-07-18,30.4
2025-07-25,32.3
2025-08-01,32.1
2025-08-08,31.6
2025-08-15,31.0
2025-08-22,29.4
2025-08-29,29.8
2025-09-05,31.6
2025-09-12,33.5
2025-09-19,33.9
2025-09-26,34.4
2025-10-03,31.7
2025-10-10,29.4
2025-10-17,28.8
2025-10-24,28.0
2025-10-31,29.0
2025-11-07,29.3
2025-11-14,29.3
2025-11-21,30.0
2025-11-28,31.1
2025-12-05,31.5
2025-12-12,32.2
2025-12-19,30.6
2025-12-26,32.0
2026-01-02,35.6
2026-01-09,34.9
2026-01-16,37.4
2026-01-23,35.7
2026-01-30,31.8
2026-02-06,30.5
2026-02-13,27.3
2026-02-20,27.7
2026-02-27,28.8
2026-03-06,29.1
2026-03-13,29.1
2026-03-20,30.5
2026-03-27,29.3
2026-04-03,28.6
2026-04-10,28.8
2026-04-17,27.1
2026-04-24,25.8
2026-05-01,26.7
2026-05-08,27.5
2026-05-15,28.5
2026-05-22,28.2
2026-05-29,28.4
2026-06-05,27.5
2026-06-12,27.6
2026-06-19,29.2
2026-06-26,29.6
2026-07-03,27.4
2026-07-10,29.6
2026-07-17,29.6
2026-07-24,30.1
2026-07-31,29.9
2026-08-07,29.3
2026-08-14,28.4
2026-08-21,27.2
2026-08-28,28.5
2026-09-04,28.6
2026-09-11,29.9
2026-09-18,29.5
2026-09-25,27.9
2026-10-02,27.9
