observation_date,WPU0613020T1
1987-06-01,100.000
1987-07-01,98.700
1987-08-01,98.800
1987-09-01,98.700
1987-10-01,98.800
1987-11-01,99.700
1987-12-01,101.300
1988-01-01,104.100
1988-02-01,104.700
1988-03-01,105.400
1988-04-01,105.500
1988-05-01,106.200
1988-06-01,107.300
1988-07-01,107.100
1988-08-01,109.000
1988-09-01,109.100
1988-10-01,111.000
1988-11-01,111.200
1988-12-01,109.800
1989-01-01,111.000
1989-02-01,111.400
1989-03-01,110.900
1989-04-01,109.600
1989-05-01,109.600
1989-06-01,109.600
1989-07-01,112.200
1989-08-01,113.800
1989-09-01,112.400
1989-10-01,111.500
1989-11-01,110.300
1989-12-01,110.100
1990-01-01,109.900
1990-02-01,109.500
1990-03-01,110.100
1990-04-01,109.700
1990-05-01,110.500
1990-06-01,110.800
1990-07-01,111.300
1990-08-01,112.000
1990-09-01,112.200
1990-10-01,114.100
1990-11-01,113.900
1990-12-01,113.900
1991-01-01,112.900
1991-02-01,114.600
1991-03-01,115.100
1991-04-01,114.700
1991-05-01,114.100
1991-06-01,114.200
1991-07-01,114.300
1991-08-01,112.200
1991-09-01,112.400
1991-10-01,113.700
1991-11-01,111.000
1991-12-01,110.200
1992-01-01,109.200
1992-02-01,108.600
1992-03-01,108.500
1992-04-01,108.000
1992-05-01,108.300
1992-06-01,110.400
1992-07-01,106.000
1992-08-01,110.400
1992-09-01,108.300
1992-10-01,108.300
1992-11-01,103.800
1992-12-01,104.000
1993-01-01,103.900
1993-02-01,104.700
1993-03-01,104.800
1993-04-01,103.900
1993-05-01,104.500
1993-06-01,103.300
1993-07-01,102.100
1993-08-01,103.300
1993-09-01,102.600
1993-10-01,102.600
1993-11-01,102.500
1993-12-01,102.900
1994-01-01,102.700
1994-02-01,104.200
1994-03-01,100.500
1994-04-01,101.500
1994-05-01,105.000
1994-06-01,102.900
1994-07-01,101.000
1994-08-01,101.300
1994-09-01,104.100
1994-10-01,104.600
1994-11-01,105.100
1994-12-01,101.200
1995-01-01,101.800
1995-02-01,105.300
1995-03-01,101.400
1995-04-01,105.100
1995-05-01,104.700
1995-06-01,104.700
1995-07-01,104.700
1995-08-01,107.000
1995-09-01,107.200
1995-10-01,107.300
1995-11-01,107.200
1995-12-01,107.700
1996-01-01,107.100
1996-02-01,107.300
1996-03-01,107.100
1996-04-01,107.300
1996-05-01,107.700
1996-06-01,107.700
1996-07-01,107.000
1996-08-01,107.000
1996-09-01,107.000
1996-10-01,107.100
1996-11-01,107.600
1996-12-01,107.500
1997-01-01,107.300
1997-02-01,106.500
1997-03-01,107.400
1997-04-01,107.500
1997-05-01,107.400
1997-06-01,106.900
1997-07-01,107.000
1997-08-01,109.700
1997-09-01,110.000
1997-10-01,110.000
1997-11-01,110.000
1997-12-01,110.100
1998-01-01,110.100
1998-02-01,110.200
1998-03-01,110.100
1998-04-01,110.300
1998-05-01,101.800
1998-06-01,110.200
1998-07-01,100.400
1998-08-01,110.100
1998-09-01,102.500
1998-10-01,110.100
1998-11-01,111.300
1998-12-01,110.000
1999-01-01,110.000
1999-02-01,100.800
1999-03-01,100.800
1999-04-01,102.000
1999-05-01,100.500
1999-06-01,100.100
1999-07-01,100.100
1999-08-01,100.100
1999-09-01,99.700
1999-10-01,101.200
1999-11-01,101.200
1999-12-01,101.200
2000-01-01,99.800
2000-02-01,99.800
2000-03-01,108.600
2000-04-01,99.800
2000-05-01,99.800
2000-06-01,99.800
2000-07-01,89.900
2000-08-01,89.800
2000-09-01,98.800
2000-10-01,90.200
2000-11-01,91.500
2000-12-01,91.600
2001-01-01,90.400
2001-02-01,101.800
2001-03-01,91.900
2001-04-01,100.700
2001-05-01,91.300
2001-06-01,91.300
2001-07-01,91.400
2001-08-01,126.000
2001-09-01,125.400
2001-10-01,125.600
2001-11-01,125.800
2001-12-01,123.100
2002-01-01,120.400
2002-02-01,113.500
2002-03-01,120.500
2002-04-01,120.500
2002-05-01,120.500
2002-06-01,120.600
2002-07-01,127.900
2002-08-01,128.500
2002-09-01,129.400
2002-10-01,129.400
2002-11-01,129.900
2002-12-01,129.900
2003-01-01,121.900
2003-02-01,122.400
2003-03-01,132.600
2003-04-01,132.600
2003-05-01,132.900
2003-06-01,125.000
2003-07-01,157.200
2003-08-01,125.300
2003-09-01,134.800
2003-10-01,158.500
2003-11-01,134.700
2003-12-01,134.500
2004-01-01,134.900
2004-02-01,165.600
2004-03-01,135.100
2004-04-01,135.100
2004-05-01,135.100
2004-06-01,135.100
2004-07-01,135.100
2004-08-01,167.500
2004-09-01,167.400
2004-10-01,166.100
2004-11-01,166.400
2004-12-01,166.400
2005-01-01,166.700
2005-02-01,166.700
2005-03-01,166.400
2005-04-01,166.400
2005-05-01,166.400
2005-06-01,167.200
2005-07-01,167.300
2005-08-01,167.500
2005-09-01,167.500
2005-10-01,167.600
2005-11-01,167.800
2005-12-01,167.800
2006-01-01,169.200
2006-02-01,169.200
2006-03-01,169.200
2006-04-01,169.200
2006-05-01,169.200
2006-06-01,169.200
2006-07-01,169.200
2006-08-01,169.100
2006-09-01,169.100
2006-10-01,169.100
2006-11-01,169.100
2006-12-01,168.900
2007-01-01,169.200
2007-02-01,170.100
2007-03-01,170.100
2007-04-01,170.100
2007-05-01,170.600
2007-06-01,170.600
2007-07-01,170.600
2007-08-01,172.100
2007-09-01,174.800
2007-10-01,174.800
2007-11-01,175.800
2007-12-01,176.400
2008-01-01,179.000
2008-02-01,189.800
2008-03-01,192.400
2008-04-01,204.600
2008-05-01,250.600
2008-06-01,255.700
2008-07-01,257.100
2008-08-01,268.900
2008-09-01,296.900
2008-10-01,295.500
2008-11-01,254.800
2008-12-01,189.200
2009-01-01,
2009-02-01,
2009-03-01,
2009-04-01,
2009-05-01,
2009-06-01,
2009-07-01,
2009-08-01,
2009-09-01,
2009-10-01,
2009-11-01,
2009-12-01,
2010-01-01,
2010-02-01,
2010-03-01,
2010-04-01,
2010-05-01,
2010-06-01,
2010-07-01,
2010-08-01,
2010-09-01,
2010-10-01,
2010-11-01,
2010-12-01,
2011-01-01,138.200
2011-02-01,141.400
2011-03-01,142.200
2011-04-01,146.400
2011-05-01,150.000
2011-06-01,153.300
2011-07-01,153.500
2011-08-01,157.100
2011-09-01,159.700
2011-10-01,155.000
2011-11-01,162.600
2011-12-01,163.900
2012-01-01,162.900
2012-02-01,159.300
2012-03-01,159.000
2012-04-01,152.400
2012-05-01,153.100
2012-06-01,154.000
2012-07-01,152.500
2012-08-01,154.100
2012-09-01,156.500
2012-10-01,156.100
2012-11-01,155.200
2012-12-01,149.300
2013-01-01,155.400
2013-02-01,150.900
2013-03-01,144.000
2013-04-01,135.300
2013-05-01,148.700
2013-06-01,144.800
2013-07-01,142.200
2013-08-01,132.200
2013-09-01,129.700
2013-10-01,128.200
2013-11-01,128.800
2013-12-01,123.300
2014-01-01,117.900
2014-02-01,124.100
2014-03-01,121.300
2014-04-01,119.100
2014-05-01,123.300
2014-06-01,128.600
2014-07-01,131.500
2014-08-01,132.600
2014-09-01,131.800
2014-10-01,132.500
2014-11-01,125.400
2014-12-01,135.500
2015-01-01,130.100
2015-02-01,142.200
2015-03-01,136.700
2015-04-01,145.500
2015-05-01,142.400
2015-06-01,141.800
2015-07-01,139.000
2015-08-01,141.200
2015-09-01,140.200
2015-10-01,140.300
2015-11-01,138.100
2015-12-01,136.600
2016-01-01,137.400
2016-02-01,131.300
2016-03-01,135.600
2016-04-01,136.700
2016-05-01,131.800
2016-06-01,127.000
2016-07-01,121.000
2016-08-01,127.200
2016-09-01,128.900
2016-10-01,126.300
2016-11-01,125.700
2016-12-01,127.300
2017-01-01,128.700
2017-02-01,123.700
2017-03-01,120.200
2017-04-01,118.200
2017-05-01,122.300
2017-06-01,117.800
2017-07-01,122.700
2017-08-01,128.100
2017-09-01,123.900
2017-10-01,128.800
2017-11-01,126.300
2017-12-01,133.400
2018-01-01,132.000
2018-02-01,132.200
2018-03-01,137.200
2018-04-01,136.200
2018-05-01,136.200
2018-06-01,137.600
2018-07-01,145.700
2018-08-01,138.200
2018-09-01,139.800
2018-10-01,143.300
2018-11-01,144.100
2018-12-01,149.200
2019-01-01,148.900
2019-02-01,151.700
2019-03-01,148.900
2019-04-01,151.700
2019-05-01,144.700
2019-06-01,143.300
2019-07-01,139.400
2019-08-01,138.900
2019-09-01,140.300
2019-10-01,139.900
2019-11-01,137.400
2019-12-01,131.700
2020-01-01,128.800
2020-02-01,128.900
2020-03-01,126.700
2020-04-01,125.600
2020-05-01,127.200
2020-06-01,133.000
2020-07-01,133.900
2020-08-01,129.600
2020-09-01,130.300
2020-10-01,131.700
2020-11-01,133.900
2020-12-01,135.100
2021-01-01,135.300
2021-02-01,140.800
2021-03-01,143.300
2021-04-01,148.400
2021-05-01,187.000
2021-06-01,194.000
2021-07-01,205.283
2021-08-01,203.453
2021-09-01,202.181
2021-10-01,203.739
2021-11-01,202.578
2021-12-01,231.352
2022-01-01,236.954
2022-02-01,247.069
2022-03-01,255.717
2022-04-01,267.942
2022-05-01,334.901
2022-06-01,357.653
2022-07-01,340.449
2022-08-01,301.901
2022-09-01,302.824
2022-10-01,297.574
2022-11-01,208.812
2022-12-01,205.684
2023-01-01,204.857
2023-02-01,207.550
2023-03-01,205.142
2023-04-01,214.055
2023-05-01,188.793
2023-06-01,188.147
2023-07-01,186.785
2023-08-01,184.098
2023-09-01,168.338
2023-10-01,171.263
2023-11-01,185.403
2023-12-01,189.089
2024-01-01,194.818
2024-02-01,173.244
2024-03-01,172.022
2024-04-01,177.338
2024-05-01,166.420
2024-06-01,161.543
2024-07-01,186.248
2024-08-01,179.964
2024-09-01,183.267
2024-10-01,183.586
2024-11-01,212.454
2024-12-01,212.569
2025-01-01,213.796
2025-02-01,183.745
2025-03-01,186.785
2025-04-01,185.158
2025-05-01,216.178
2025-06-01,219.116
2025-07-01,222.349
2025-08-01,222.349
2025-09-01,216.355
2025-10-01,224.031
2025-11-01,233.741
2025-12-01,233.607
2026-01-01,232.880
2026-02-01,246.236
2026-03-01,248.072
2026-04-01,251.416
2026-05-01,302.334
2026-06-01,306.013
2026-07-01,307.176
2026-08-01,307.176
