# Sulfur held at Chinese ports, million metric tons, as reported in the trade press. An editorial compilation, not a dataset:
# three publishers with their own tallies, on irregular dates. Where two reports cover the same week we keep the one with an exact date.
# Full URLs and quoted sentences are in research/BRIEF.md.
date,million_t,source
2024-10-30,2.31,CRU Sulphur 415
2025-02-26,1.89,CRU Sulphur 417
2025-07-02,2.3,CRU Sulphur 419
2025-08-20,2.3849,SunSirs
2025-09-03,2.31,CRU Sulphur 420
2025-10-29,2.299,CRU Sulphur 421
2025-12-31,1.9848,SunSirs
2026-01-30,1.8412,SunSirs
2026-03-05,1.725,CRU Sulphur 423
2026-04-03,1.5099,Mysteel citing OilChem (reported as "early April")
2026-06-23,0.7488,SMM
2026-07-03,0.7279,SMM
2026-08-27,0.947,CRU Sulphur 426 (reported as "late August")
