# Hand-keyed from data/raw/usgs/mcs2026-sulfur.pdf page 2, "World Production and Reserves". Thousand metric tons, sulfur content, all forms, estimated.
country,y2024,y2025,gulf
United States,8320,8100,0
Australia,900,900,0
Canada,5060,5000,0
Chile,1500,1400,0
China,19000,19000,0
India,3700,3700,0
Iran,2000,2100,1
Japan,2750,2700,0
Kazakhstan,4740,4800,0
"Korea, Republic of",3100,3100,0
Kuwait,1300,1300,1
Poland,1000,1100,0
Qatar,3000,3100,1
Russia,7400,7500,0
Saudi Arabia,7200,7200,1
Turkmenistan,880,870,0
United Arab Emirates,6300,6300,1
Other countries,5100,5700,0
World total (rounded),83900,84000,0
